0|1
<command:insert_sound:sex - slap - hard|80|115|11><command:enable_loop><command:change_view:kimberly-store-fuck><command:change_speed:5><N15>[Oh fuck!]|<N15>[It shouldn't feel that good already should it!?]|<N15>[His cock! It's so big!];<command:enable_loop><command:change_speed:3><N15>N<15>... This feels really good!|<N15>[I-it does!]|<N1>Do you like it too?|<N15>[I... I can't admit it!];<command:enable_loop><command:change_speed:1><N1>God I love fucking you like this!|<N1>Slapping against your ass like this feels great!|<N15>*D-don't say things like that!*|<N15>[Oh God... I think I'm gonna...]|<N1>N<15>! I'm gonna -;<command:insert_sound:sex - Cumshot 4|100|100|18><command:disable_loop><command:change_view:kimberly-store-fuck-cum><command:change_speed:1><N15>[Oh! Oh God!]|<N15>[That feels so good!]|<N1>I... I might have came inside you a bit...|<N15>[Oh shit... I think he did...]|<N15>[I was too busy caught up in cumming myself... I... I didn't think...]
<command:insert_sound:sex - slap - hard|80|115|11><command:enable_loop><command:change_view:kimberly-store-fuck><command:change_speed:5><N15>[Shit... It still feels so good!]|<N15>[How does he know how to use his cock this good!?];<command:enable_loop><command:change_speed:3><N15>[Fuck! He's going faster!]|<N1>N<15> This is really great! You like it too right?|<N15>[Y-yeah... it feels great...];<command:enable_loop><command:change_speed:1><N15>[Shit! He's fucking me so fast now!]|<N15>[Oh God... The sound of him slapping againt my ass...]|<N15>[I hope no one can hear it!]|<N1>I'm gonna-;<command:insert_sound:sex - Cumshot 4|100|100|18><command:disable_loop><command:change_view:kimberly-store-fuck-cum><command:change_speed:1><N15>[Oh! Oh fuck...]|<N15>[That felt so good...]|<N1>That felt so good...|<N15>[I hope he pulled out in time this time...]
<command:insert_sound:sex - slap - hard|80|115|11><command:enable_loop><command:change_view:kimberly-store-fuck><command:change_speed:5><N15>[Fuck! This big cock is just so great...]|<N15>[I'm so glad I get to be fucked by him!];<command:enable_loop><command:change_speed:3><N15>[He's building up speed...]|<N15>[He must know I love getting fucked like this.]|<N1>Do you like this too N<15>?|<N15>*Y-yeah...*;<command:enable_loop><command:change_speed:1><N15>[Yes! Fuck me like this!]|<N15>[Fuck me fast with your hard dick!]|<N15>[You're gonna make me cum again!]|<N1>|<N1>I'm gonna cum...|<N15>*D-do it...*;<command:insert_sound:sex - Cumshot 4|100|100|18><command:disable_loop><command:change_view:kimberly-store-fuck-cum><command:change_speed:1><N15>[Oh God... This kid...]|<N15>[It felt so fucking good...]|<N15>*Did you pull out in time N<1>?*|<N1>*I... I think so...*|<N15>[Fuck...]
<command:insert_sound:sex - slap - hard|80|115|11><command:enable_loop><command:change_view:kimberly-store-fuck><command:change_speed:5><N1>*N<15>... You shouldn't pant so loudly...*|<N1>*Someone might hear you!*|<N15>*I don't care N<1>! Just fuck me more!*;<command:enable_loop><command:change_speed:3><N15>*Y-yes! Faster! Use that great dick of yours to make me cum again!*|<N1>*You really do like it don't you?|<N15>*Of course I love this fat cock!*;<command:enable_loop><command:change_speed:1><N15>*F-fuck! N<1>! You're going to make me cum again!*|<N1>*I think I'm going to cum too*|<N15>*Yes! Do it inside!*;<command:insert_sound:sex - Cumshot 4|100|100|18><command:disable_loop><command:change_view:kimberly-store-fuck-cum><command:change_speed:1><N15>[FUCK!]|<N15>[Oh! I'm still cumming...]|<N1>That was so good N<15>...|<N15>*Why didn't you cum inside me?*|<N15>*I wanted to feel your cum inside me...*
<command:insert_sound:sex - slap - hard|80|115|11><command:enable_loop><command:change_view:kimberly-store-fuck><command:change_speed:5><N1>*N<15>... You shouldn't be so loud or someone will hear...*|<N1>*Then they'll find me fucking you!*|<N15>*I don't care N<1>! Just fuck me harder!*;<command:enable_loop><command:change_speed:3><N15>*F-faster! Let that massive dick of yours make me cum again!*|<N1>*You really love it don't you?|<N15>*Of course I love your hard cock!*;<command:enable_loop><command:change_speed:1><N15>*F-fuck! N<1>! I'm going to cum again!*|<N1>*I'm going to cum too*|<N15>*Yes! Spill it all inside!*;<command:insert_sound:sex - Cumshot 4|100|100|18><command:disable_loop><command:change_view:kimberly-store-fuck-cum><command:change_speed:1><N15>[FUCK!]|<N15>[Fuck! My pussy won't stop cumming...]|<N1>I love painting your ass in my cum N<15>...|<N15>*Oh that is so hot.  I can feel it on my ass.*|<N15>*Maybe next time you can take my anal cherry...*